{"cameraMode":{"drawMode":0,"name":"Shaded","section":"Shading Mode"},"sceneLighting":true,"audioPlay":false,"sceneViewState":{"m_AlwaysRefresh":false,"showFog":true,"showSkybox":true,"showFlares":true,"showImageEffects":true,"showParticleSystems":true,"showVisualEffectGraphs":true,"m_FxEnabled":true},"in2DMode":false,"pivot":{"x":-0.024920493364334108,"y":0.8834728598594666,"z":1.830030918121338},"rotation":{"x":0.04796404764056206,"y":-0.026965703815221788,"z":0.0012953458353877068,"w":0.9984856843948364},"size":2.7404654026031496,"orthographic":false}