{"cameraMode":{"drawMode":0,"name":"Shaded","section":"Shading Mode"},"sceneLighting":true,"audioPlay":false,"sceneViewState":{"m_AlwaysRefresh":false,"showFog":true,"showSkybox":true,"showFlares":true,"showImageEffects":true,"showParticleSystems":true,"showVisualEffectGraphs":true,"m_FxEnabled":true},"in2DMode":false,"pivot":{"x":47.03395462036133,"y":26.027740478515626,"z":-9.134332656860352},"rotation":{"x":0.1908121109008789,"y":0.010306880809366703,"z":-0.0020035929046571256,"w":0.9815702438354492},"size":421.5856628417969,"orthographic":true}