{"cameraMode":{"drawMode":0,"name":"Shaded","section":"Shading Mode"},"sceneLighting":true,"audioPlay":false,"sceneViewState":{"m_AlwaysRefresh":false,"showFog":true,"showSkybox":true,"showFlares":true,"showImageEffects":true,"showParticleSystems":true,"showVisualEffectGraphs":true,"m_FxEnabled":true},"in2DMode":false,"pivot":{"x":0.6585062742233276,"y":-0.10618603229522705,"z":1.656325340270996},"rotation":{"x":0.12562114000320435,"y":0.026782706379890443,"z":-0.003392579732462764,"w":0.9917118549346924},"size":3.375786542892456,"orthographic":false}