{"cameraMode":{"drawMode":0,"name":"Shaded","section":"Shading Mode"},"sceneLighting":true,"audioPlay":false,"sceneViewState":{"m_AlwaysRefresh":false,"showFog":true,"showSkybox":true,"showFlares":true,"showImageEffects":true,"showParticleSystems":true,"showVisualEffectGraphs":true,"m_FxEnabled":true},"in2DMode":false,"pivot":{"x":21.117782592773439,"y":44.46958923339844,"z":-50.398738861083987},"rotation":{"x":-0.4107690751552582,"y":0.007382590789347887,"z":-0.003326300997287035,"w":-0.9117094278335571},"size":2.2978029251098635,"orthographic":false}